,TYPE,CHILD_NAME,PARENT_NAME,REFERENCE,BROTHERS,RESULT
0,,TemperatureSensor,,,0,0
1,string,units,TemperatureSensor,/TemperatureSensor/hasTempUnits/TemperatureUnits,5,1
2,float,sensor1value,TemperatureSensor,/TemperatureSensor/hasDecValue,5,1
3,float,sensor2value,TemperatureSensor,/TemperatureSensor/hasDecValue,5,1
4,float,sensor3value,TemperatureSensor,/TemperatureSensor/hasDecValue,5,1
5,float,sensor4value,TemperatureSensor,/TemperatureSensor/hasDecValue,5,1
6,,Temp,,,0,0
7,string,units,Temp,/TemperatureSensor/hasTempUnits/TemperatureUnits,2,1
8,float,outdoorValue,Temp,/OutdoorTemperatureSensor/hasDecValue,2,1
9,,OutdoorTemperatureSensor,,,0,0
10,,GPSSensor,OutdoorTemperatureSensor,,1,0
11,string,LocationUnita,GPSSensor,/GPSSensor/hasLocation/GPSLocation/hasLocUnits/LocationUnits,5,1
12,float,GpsDecValue,GPSSensor,/OutdoorTemperatureSensor/hasGPS/GPSSensor/hasDecValue,5,1
13,string,GpsStrValue,GPSSensor,/OutdoorTemperatureSensor/hasGPS/GPSSensor/hasStrValue,5,1
14,float,longitude,GPSSensor,/GPSSensor/hasLocation/Longitude,5,1
15,float,latitude,GPSSensor,/GPSSensor/hasLocation/latitude,5,1
16,,location,,,0,0
17,,latitude,location,,3,0
18,float,DecValue,latitude,/TemperatureSensor/hasLocation/Latitude/hasDecValue,2,1
19,string,StrValue,latitude,/TemperatureSensor/hasLocation/Latitude/hasStrValue,2,1
20,,longitude,location,,3,0
21,float,DecValue,longitude,/TemperatureSensor/hasLocation/Longitude/hasDecValue,2,1
22,string,StrValue,longitude,/TemperatureSensor/hasLocation/Longitude/hasStrValue,2,1
23,string,GpsUnits,location,/TemperatureSensor/hasLocation/GPSLocation/hasLocUnits/LocationUnits,3,1
24,,temp,,,0,0
25,,location,temp,,3,0
26,float,latitudeValue,location,/TemperatureSensor/hasLocation/Latitude/hasDecValue,2,1
27,float,longitudeValue,location,/TemperatureSensor/hasLocation/Longitude/hasDecValue,2,1
28,string,unit,temp,/TemperatureSensor/hasTempUnits/TemperatureUnits,3,1
29,float,value,temp,/TemperatureSensor/hasDecValue,3,1
30,,tempsensor,,,0,0
31,string,units,tempsensor,/TemperatureSensor/hasTempUnits/TemperatureUnits,5,1
32,float,sensor1value,tempsensor,/TemperatureSensor/hasDecValue,5,1
33,float,sensor2value,tempsensor,/TemperatureSensor/hasDecValue,5,1
34,byte,relay1state,tempsensor,,5,0
35,byte,relay2state,tempsensor,,5,0
36,,TempSensor,,,0,0
37,string,tempunits,TempSensor,/TemperatureSensor/hasTempUnits/TemperatureUnits,16,1
38,float,indoorValue,TempSensor,/IndoorTemperatureSensor/hasDecValue,16,1
39,string,humidity,TempSensor,,16,0
40,float,outdoorValue,TempSensor,/OutdoorTemperatureSensor/hasDecValue,16,1
41,byte,heat,TempSensor,,16,0
42,byte,cool,TempSensor,,16,0
43,byte,fan,TempSensor,,16,0
44,byte,hold,TempSensor,,16,0
45,string,minTemp,TempSensor,,16,0
46,string,maxTemp,TempSensor,,16,0
47,string,minTempY,TempSensor,,16,0
48,string,maxTempY,TempSensor,,16,0
49,byte,heatMode,TempSensor,,16,0
50,byte,fanMode,TempSensor,,16,0
51,byte,filtChng,TempSensor,,16,0
52,byte,mode,TempSensor,,16,0
53,,note,,,0,0
54,,temprzatureSensor,note,,4,0
55,string,from,temprzatureSensor,,5,0
56,string,ssname0,temprzatureSensor,,5,0
57,float,ssvalue0,temprzatureSensor,/TemperatureSensor/hasDecValue,5,1
58,string,ssname1,temprzatureSensor,,5,0
59,float,ssOutdoorValue,temprzatureSensor,/OutdoorTemperatureSensor/hasDecValue,5,1
60,string,alert1,note,,4,0
61,string,alert2,note,,4,0
62,string,alert3,note,,4,0
63,,logger,,,0,0
64,,THB,logger,,3,0
65,,TH,logger,,3,0
66,,T,logger,,3,0
67,,TemperatureSensor,,,0,0
68,string,credit,TemperatureSensor,,11,0
69,anyURI,credit_URL,TemperatureSensor,,11,0
70,,image,TemperatureSensor,,11,0
71,anyURI,url,image,,3,0
72,string,title,image,,3,0
73,anyURI,link,image,,3,0
74,,location,TemperatureSensor,,11,0
75,string,zip,location,,6,0
76,float,latitudeDecValue,location,/TemperatureSensor/hasLocation/Latitude/hasDecValue,6,1
77,float,longitudeDecValue,location,/TemperatureSensor/hasLocation/Longitude/hasDecValue,6,1
78,string,elevation,location,,6,0
79,string,latitudeStrValue,location,/TemperatureSensor/hasLocation/Latitude/hasStrValue,6,1
80,string,longitudeStrValue,location,/TemperatureSensor/hasLocation/Longitude/hasStrValue,6,1
81,string,temperature_string,TemperatureSensor,,11,0
82,float,value_f,TemperatureSensor,/TemperatureSensor/hasDecValue,11,1
83,float,value_c,TemperatureSensor,/TemperatureSensor/hasDecValue,11,1
84,byte,relative_humidity,TemperatureSensor,,11,0
85,string,wind_string,TemperatureSensor,,11,0
86,string,wind_dir,TemperatureSensor,,11,0
87,byte,wind_degrees,TemperatureSensor,,11,0
88,,TempSensor,,,0,0
89,string,units,TempSensor,/TemperatureSensor/hasTempUnits/TemperatureUnits,8,1
90,float,sensor4value,TempSensor,/TemperatureSensor/hasDecValue,8,1
91,float,sensor5value,TempSensor,/TemperatureSensor/hasDecValue,8,1
92,float,sensor6value,TempSensor,/TemperatureSensor/hasDecValue,8,1
93,float,sensor7value,TempSensor,/TemperatureSensor/hasDecValue,8,1
94,byte,relay1state,TempSensor,,8,0
95,byte,relay2state,TempSensor,,8,0
96,byte,relay3state,TempSensor,,8,0
97,,IndoorTemperatureSensor,,,0,0
98,,GPSSensor,IndoorTemperatureSensor,,1,0
99,string,LocationUnits,GPSSensor,/GPSSensor/hasLocation/GPSLocation/hasLocUnits/LocationUnits,5,1
100,float,GpsDecValue,GPSSensor,/IndoorTemperatureSensor/hasGPS/GPSSensor/hasDecValue,5,1
101,string,GpsStrValue,GPSSensor,/IndoorTemperatureSensor/hasGPS/GPSSensor/hasStrValue,5,1
102,float,longitude,GPSSensor,/GPSSensor/hasLocation/Longitude,5,1
103,float,latitude,GPSSensor,/GPSSensor/hasLocation/latitude,5,1
104,string,units,TemperatureSensor,/GPSSensor/hasLocation/GPSLocation/hasLocUnits/LocationUnits,5,0
105,string,units,TemperatureSensor,/TemperatureSensor/hasLocation/GPSLocation/hasLocUnits/LocationUnits,5,0
106,string,units,TemperatureSensor,/Location/hasLocUnits/LocationUnits,5,0
107,string,units,TemperatureSensor,/Location/hasLocUnits/LocationUnits/hasDecValue,5,0
108,string,units,TemperatureSensor,/Location/hasLocUnits/LocationUnits/hasStrValue,5,0
109,string,units,TemperatureSensor,/GPSLocation/hasLocUnits/LocationUnits,5,0
110,string,units,TemperatureSensor,/GPSLocation/hasLocUnits/LocationUnits/hasDecValue,5,0
111,string,units,TemperatureSensor,/GPSLocation/hasLocUnits/LocationUnits/hasStrValue,5,0
112,string,units,TemperatureSensor,/Latitude/hasLocUnits/LocationUnits,5,0
113,string,units,TemperatureSensor,/Latitude/hasLocUnits/LocationUnits/hasDecValue,5,0
114,string,units,TemperatureSensor,/Latitude/hasLocUnits/LocationUnits/hasStrValue,5,0
115,string,units,TemperatureSensor,/Longitude/hasLocUnits/LocationUnits,5,0
116,string,units,TemperatureSensor,/Longitude/hasLocUnits/LocationUnits/hasDecValue,5,0
117,string,units,TemperatureSensor,/Longitude/hasLocUnits/LocationUnits/hasStrValue,5,0
118,string,units,TemperatureSensor,/Sensor/hasLocation/Location/hasLocUnits/LocationUnits,5,0
119,string,units,TemperatureSensor,/GPSSensor/hasLocation/Location/hasLocUnits/LocationUnits,5,0
120,string,units,TemperatureSensor,/TemperatureSensor/hasLocation/Location/hasLocUnits/LocationUnits,5,0
121,string,units,TemperatureSensor,/IndoorTemperatureSensor/hasLocation/Location/hasLocUnits/LocationUnits,5,0
122,string,units,TemperatureSensor,/OutdoorTemperatureSensor/hasLocation/Location/hasLocUnits/LocationUnits,5,0
123,string,units,TemperatureSensor,/Sensor/hasLocation/GPSLocation/hasLocUnits/LocationUnits,5,0
124,string,units,TemperatureSensor,/IndoorTemperatureSensor/hasLocation/GPSLocation/hasLocUnits/LocationUnits,5,0
125,string,units,TemperatureSensor,/OutdoorTemperatureSensor/hasLocation/GPSLocation/hasLocUnits/LocationUnits,5,0
126,string,units,TemperatureSensor,/Sensor/hasLocation/Latitude/hasLocUnits/LocationUnits,5,0
127,string,units,TemperatureSensor,/GPSSensor/hasLocation/Latitude/hasLocUnits/LocationUnits,5,0
128,string,units,TemperatureSensor,/TemperatureSensor/hasLocation/Latitude/hasLocUnits/LocationUnits,5,0
129,string,units,TemperatureSensor,/IndoorTemperatureSensor/hasLocation/Latitude/hasLocUnits/LocationUnits,5,0
130,string,units,TemperatureSensor,/OutdoorTemperatureSensor/hasLocation/Latitude/hasLocUnits/LocationUnits,5,0
131,string,units,TemperatureSensor,/Sensor/hasLocation/Longitude/hasLocUnits/LocationUnits,5,0
132,string,units,TemperatureSensor,/GPSSensor/hasLocation/Longitude/hasLocUnits/LocationUnits,5,0
133,string,units,TemperatureSensor,/TemperatureSensor/hasLocation/Longitude/hasLocUnits/LocationUnits,5,0
134,string,units,TemperatureSensor,/IndoorTemperatureSensor/hasLocation/Longitude/hasLocUnits/LocationUnits,5,0
135,string,units,TemperatureSensor,/OutdoorTemperatureSensor/hasLocation/Longitude/hasLocUnits/LocationUnits,5,0
136,string,units,TemperatureSensor,/TemperatureSensor/hasTempUnits/TemperatureUnits/hasDecValue,5,0
137,string,units,TemperatureSensor,/TemperatureSensor/hasTempUnits/TemperatureUnits/hasStrValue,5,0
138,string,units,TemperatureSensor,/IndoorTemperatureSensor/hasTempUnits/TemperatureUnits,5,0
139,string,units,TemperatureSensor,/IndoorTemperatureSensor/hasTempUnits/TemperatureUnits/hasDecValue,5,0
140,string,units,TemperatureSensor,/IndoorTemperatureSensor/hasTempUnits/TemperatureUnits/hasStrValue,5,0
141,string,units,TemperatureSensor,/OutdoorTemperatureSensor/hasTempUnits/TemperatureUnits,5,0
142,string,units,TemperatureSensor,/OutdoorTemperatureSensor/hasTempUnits/TemperatureUnits/hasDecValue,5,0
143,string,units,TemperatureSensor,/OutdoorTemperatureSensor/hasTempUnits/TemperatureUnits/hasStrValue,5,0
144,string,units,Temp,/GPSSensor/hasLocation/GPSLocation/hasLocUnits/LocationUnits,2,0
145,string,units,Temp,/TemperatureSensor/hasLocation/GPSLocation/hasLocUnits/LocationUnits,2,0
146,string,units,Temp,/Location/hasLocUnits/LocationUnits,2,0
147,string,units,Temp,/Location/hasLocUnits/LocationUnits/hasDecValue,2,0
148,string,units,Temp,/Location/hasLocUnits/LocationUnits/hasStrValue,2,0
149,string,units,Temp,/GPSLocation/hasLocUnits/LocationUnits,2,0
150,string,units,Temp,/GPSLocation/hasLocUnits/LocationUnits/hasDecValue,2,0
151,string,units,Temp,/GPSLocation/hasLocUnits/LocationUnits/hasStrValue,2,0
152,string,units,Temp,/Latitude/hasLocUnits/LocationUnits,2,0
153,string,units,Temp,/Latitude/hasLocUnits/LocationUnits/hasDecValue,2,0
154,string,units,Temp,/Latitude/hasLocUnits/LocationUnits/hasStrValue,2,0
155,string,units,Temp,/Longitude/hasLocUnits/LocationUnits,2,0
156,string,units,Temp,/Longitude/hasLocUnits/LocationUnits/hasDecValue,2,0
157,string,units,Temp,/Longitude/hasLocUnits/LocationUnits/hasStrValue,2,0
158,string,units,Temp,/Sensor/hasLocation/Location/hasLocUnits/LocationUnits,2,0
159,string,units,Temp,/GPSSensor/hasLocation/Location/hasLocUnits/LocationUnits,2,0
160,string,units,Temp,/TemperatureSensor/hasLocation/Location/hasLocUnits/LocationUnits,2,0
161,string,units,Temp,/IndoorTemperatureSensor/hasLocation/Location/hasLocUnits/LocationUnits,2,0
162,string,units,Temp,/OutdoorTemperatureSensor/hasLocation/Location/hasLocUnits/LocationUnits,2,0
163,string,units,Temp,/Sensor/hasLocation/GPSLocation/hasLocUnits/LocationUnits,2,0
164,string,units,Temp,/IndoorTemperatureSensor/hasLocation/GPSLocation/hasLocUnits/LocationUnits,2,0
165,string,units,Temp,/OutdoorTemperatureSensor/hasLocation/GPSLocation/hasLocUnits/LocationUnits,2,0
166,string,units,Temp,/Sensor/hasLocation/Latitude/hasLocUnits/LocationUnits,2,0
167,string,units,Temp,/GPSSensor/hasLocation/Latitude/hasLocUnits/LocationUnits,2,0
168,string,units,Temp,/TemperatureSensor/hasLocation/Latitude/hasLocUnits/LocationUnits,2,0
169,string,units,Temp,/IndoorTemperatureSensor/hasLocation/Latitude/hasLocUnits/LocationUnits,2,0
170,string,units,Temp,/OutdoorTemperatureSensor/hasLocation/Latitude/hasLocUnits/LocationUnits,2,0
171,string,units,Temp,/Sensor/hasLocation/Longitude/hasLocUnits/LocationUnits,2,0
172,string,units,Temp,/GPSSensor/hasLocation/Longitude/hasLocUnits/LocationUnits,2,0
173,string,units,Temp,/TemperatureSensor/hasLocation/Longitude/hasLocUnits/LocationUnits,2,0
174,string,units,Temp,/IndoorTemperatureSensor/hasLocation/Longitude/hasLocUnits/LocationUnits,2,0
175,string,units,Temp,/OutdoorTemperatureSensor/hasLocation/Longitude/hasLocUnits/LocationUnits,2,0
176,string,units,Temp,/TemperatureSensor/hasTempUnits/TemperatureUnits/hasDecValue,2,0
177,string,units,Temp,/TemperatureSensor/hasTempUnits/TemperatureUnits/hasStrValue,2,0
178,string,units,Temp,/IndoorTemperatureSensor/hasTempUnits/TemperatureUnits,2,0
179,string,units,Temp,/IndoorTemperatureSensor/hasTempUnits/TemperatureUnits/hasDecValue,2,0
180,string,units,Temp,/IndoorTemperatureSensor/hasTempUnits/TemperatureUnits/hasStrValue,2,0
181,string,units,Temp,/OutdoorTemperatureSensor/hasTempUnits/TemperatureUnits,2,0
182,string,units,Temp,/OutdoorTemperatureSensor/hasTempUnits/TemperatureUnits/hasDecValue,2,0
183,string,units,Temp,/OutdoorTemperatureSensor/hasTempUnits/TemperatureUnits/hasStrValue,2,0
184,float,outdoorValue,Temp,/TemperatureSensor/hasDecValue,2,0
185,string,LocationUnita,GPSSensor,/TemperatureSensor/hasLocation/GPSLocation/hasLocUnits/LocationUnits,5,0
186,string,LocationUnita,GPSSensor,/Location/hasLocUnits/LocationUnits,5,0
187,string,LocationUnita,GPSSensor,/Location/hasLocUnits/LocationUnits/hasDecValue,5,0
188,string,LocationUnita,GPSSensor,/Location/hasLocUnits/LocationUnits/hasStrValue,5,0
189,string,LocationUnita,GPSSensor,/GPSLocation/hasLocUnits/LocationUnits,5,0
190,string,LocationUnita,GPSSensor,/GPSLocation/hasLocUnits/LocationUnits/hasDecValue,5,0
191,string,LocationUnita,GPSSensor,/GPSLocation/hasLocUnits/LocationUnits/hasStrValue,5,0
192,string,LocationUnita,GPSSensor,/Latitude/hasLocUnits/LocationUnits,5,0
193,string,LocationUnita,GPSSensor,/Latitude/hasLocUnits/LocationUnits/hasDecValue,5,0
194,string,LocationUnita,GPSSensor,/Latitude/hasLocUnits/LocationUnits/hasStrValue,5,0
195,string,LocationUnita,GPSSensor,/Longitude/hasLocUnits/LocationUnits,5,0
196,string,LocationUnita,GPSSensor,/Longitude/hasLocUnits/LocationUnits/hasDecValue,5,0
197,string,LocationUnita,GPSSensor,/Longitude/hasLocUnits/LocationUnits/hasStrValue,5,0
198,string,LocationUnita,GPSSensor,/Sensor/hasLocation/Location,5,0
199,string,LocationUnita,GPSSensor,/Sensor/hasLocation/Location/hasDecValue,5,0
200,string,LocationUnita,GPSSensor,/Sensor/hasLocation/Location/hasStrValue,5,0
201,string,LocationUnita,GPSSensor,/Sensor/hasLocation/Location/hasLocUnits/LocationUnits,5,0
202,string,LocationUnita,GPSSensor,/GPSSensor/hasLocation/Location,5,0
203,string,LocationUnita,GPSSensor,/GPSSensor/hasLocation/Location/hasDecValue,5,0
204,string,LocationUnita,GPSSensor,/GPSSensor/hasLocation/Location/hasStrValue,5,0
205,string,LocationUnita,GPSSensor,/GPSSensor/hasLocation/Location/hasLocUnits/LocationUnits,5,0
206,string,LocationUnita,GPSSensor,/TemperatureSensor/hasLocation/Location,5,0
207,string,LocationUnita,GPSSensor,/TemperatureSensor/hasLocation/Location/hasDecValue,5,0
208,string,LocationUnita,GPSSensor,/TemperatureSensor/hasLocation/Location/hasStrValue,5,0
209,string,LocationUnita,GPSSensor,/TemperatureSensor/hasLocation/Location/hasLocUnits/LocationUnits,5,0
210,string,LocationUnita,GPSSensor,/IndoorTemperatureSensor/hasLocation/Location,5,0
211,string,LocationUnita,GPSSensor,/IndoorTemperatureSensor/hasLocation/Location/hasDecValue,5,0
212,string,LocationUnita,GPSSensor,/IndoorTemperatureSensor/hasLocation/Location/hasStrValue,5,0
213,string,LocationUnita,GPSSensor,/IndoorTemperatureSensor/hasLocation/Location/hasLocUnits/LocationUnits,5,0
214,string,LocationUnita,GPSSensor,/OutdoorTemperatureSensor/hasLocation/Location,5,0
215,string,LocationUnita,GPSSensor,/OutdoorTemperatureSensor/hasLocation/Location/hasDecValue,5,0
216,string,LocationUnita,GPSSensor,/OutdoorTemperatureSensor/hasLocation/Location/hasStrValue,5,0
217,string,LocationUnita,GPSSensor,/OutdoorTemperatureSensor/hasLocation/Location/hasLocUnits/LocationUnits,5,0
218,string,LocationUnita,GPSSensor,/Sensor/hasLocation/GPSLocation/hasLocUnits/LocationUnits,5,0
219,string,LocationUnita,GPSSensor,/IndoorTemperatureSensor/hasLocation/GPSLocation/hasLocUnits/LocationUnits,5,0
220,string,LocationUnita,GPSSensor,/OutdoorTemperatureSensor/hasLocation/GPSLocation/hasLocUnits/LocationUnits,5,0
221,string,LocationUnita,GPSSensor,/Sensor/hasLocation/Latitude/hasLocUnits/LocationUnits,5,0
222,string,LocationUnita,GPSSensor,/GPSSensor/hasLocation/Latitude/hasLocUnits/LocationUnits,5,0
223,string,LocationUnita,GPSSensor,/TemperatureSensor/hasLocation/Latitude/hasLocUnits/LocationUnits,5,0
224,string,LocationUnita,GPSSensor,/IndoorTemperatureSensor/hasLocation/Latitude/hasLocUnits/LocationUnits,5,0
225,string,LocationUnita,GPSSensor,/OutdoorTemperatureSensor/hasLocation/Latitude/hasLocUnits/LocationUnits,5,0
226,string,LocationUnita,GPSSensor,/Sensor/hasLocation/Longitude/hasLocUnits/LocationUnits,5,0
227,string,LocationUnita,GPSSensor,/GPSSensor/hasLocation/Longitude/hasLocUnits/LocationUnits,5,0
228,string,LocationUnita,GPSSensor,/TemperatureSensor/hasLocation/Longitude/hasLocUnits/LocationUnits,5,0
229,string,LocationUnita,GPSSensor,/IndoorTemperatureSensor/hasLocation/Longitude/hasLocUnits/LocationUnits,5,0
230,string,LocationUnita,GPSSensor,/OutdoorTemperatureSensor/hasLocation/Longitude/hasLocUnits/LocationUnits,5,0
231,float,GpsDecValue,GPSSensor,/TemperatureSensor/hasDecValue,5,0
232,float,GpsDecValue,GPSSensor,/OutdoorTemperatureSensor/hasDecValue,5,0
233,float,GpsDecValue,GPSSensor,/TemperatureSensor/hasLocation/Latitude/hasDecValue,5,0
234,float,GpsDecValue,GPSSensor,/TemperatureSensor/hasLocation/Longitude/hasDecValue,5,0
235,float,GpsDecValue,GPSSensor,/IndoorTemperatureSensor/hasDecValue,5,0
236,float,GpsDecValue,GPSSensor,/IndoorTemperatureSensor/hasGPS/GPSSensor/hasDecValue,5,0
237,float,GpsDecValue,GPSSensor,/GPSLocation/hasDecValue,5,0
238,float,GpsDecValue,GPSSensor,/Latitude/hasDecValue,5,0
239,float,GpsDecValue,GPSSensor,/Longitude/hasDecValue,5,0
240,float,GpsDecValue,GPSSensor,/TemperatureSensor/hasGPS/GPSSensor/hasDecValue,5,0
241,float,GpsDecValue,GPSSensor,/Location/hasLocUnits/LocationUnits/hasDecValue,5,0
242,float,GpsDecValue,GPSSensor,/GPSLocation/hasLocUnits/LocationUnits/hasDecValue,5,0
243,float,GpsDecValue,GPSSensor,/Latitude/hasLocUnits/LocationUnits/hasDecValue,5,0
244,float,GpsDecValue,GPSSensor,/Longitude/hasLocUnits/LocationUnits/hasDecValue,5,0
245,float,GpsDecValue,GPSSensor,/Sensor/hasLocation/Location/hasDecValue,5,0
246,float,GpsDecValue,GPSSensor,/GPSSensor/hasLocation/Location/hasDecValue,5,0
247,float,GpsDecValue,GPSSensor,/TemperatureSensor/hasLocation/Location/hasDecValue,5,0
248,float,GpsDecValue,GPSSensor,/IndoorTemperatureSensor/hasLocation/Location/hasDecValue,5,0
249,float,GpsDecValue,GPSSensor,/OutdoorTemperatureSensor/hasLocation/Location/hasDecValue,5,0
250,float,GpsDecValue,GPSSensor,/Sensor/hasLocation/GPSLocation/hasDecValue,5,0
251,float,GpsDecValue,GPSSensor,/GPSSensor/hasLocation/GPSLocation/hasDecValue,5,0
252,float,GpsDecValue,GPSSensor,/TemperatureSensor/hasLocation/GPSLocation/hasDecValue,5,0
253,float,GpsDecValue,GPSSensor,/IndoorTemperatureSensor/hasLocation/GPSLocation/hasDecValue,5,0
254,float,GpsDecValue,GPSSensor,/OutdoorTemperatureSensor/hasLocation/GPSLocation/hasDecValue,5,0
255,float,GpsDecValue,GPSSensor,/Sensor/hasLocation/Latitude/hasDecValue,5,0
256,float,GpsDecValue,GPSSensor,/GPSSensor/hasLocation/Latitude/hasDecValue,5,0
257,float,GpsDecValue,GPSSensor,/IndoorTemperatureSensor/hasLocation/Latitude/hasDecValue,5,0
258,float,GpsDecValue,GPSSensor,/OutdoorTemperatureSensor/hasLocation/Latitude/hasDecValue,5,0
259,float,GpsDecValue,GPSSensor,/Sensor/hasLocation/Longitude/hasDecValue,5,0
260,float,GpsDecValue,GPSSensor,/GPSSensor/hasLocation/Longitude/hasDecValue,5,0
261,float,GpsDecValue,GPSSensor,/IndoorTemperatureSensor/hasLocation/Longitude/hasDecValue,5,0
262,float,GpsDecValue,GPSSensor,/OutdoorTemperatureSensor/hasLocation/Longitude/hasDecValue,5,0
263,float,GpsDecValue,GPSSensor,/TemperatureSensor/hasTempUnits/TemperatureUnits/hasDecValue,5,0
264,float,GpsDecValue,GPSSensor,/IndoorTemperatureSensor/hasTempUnits/TemperatureUnits/hasDecValue,5,0
265,float,GpsDecValue,GPSSensor,/OutdoorTemperatureSensor/hasTempUnits/TemperatureUnits/hasDecValue,5,0
266,float,GpsDecValue,GPSSensor,/TemperatureSensor/hasDecValue,5,0
267,string,GpsStrValue,GPSSensor,/TemperatureSensor/hasLocation/Latitude/hasStrValue,5,0
268,string,GpsStrValue,GPSSensor,/TemperatureSensor/hasLocation/Longitude/hasStrValue,5,0
269,string,GpsStrValue,GPSSensor,/IndoorTemperatureSensor/hasGPS/GPSSensor/hasStrValue,5,0
270,string,GpsStrValue,GPSSensor,/GPSLocation/hasStrValue,5,0
271,string,GpsStrValue,GPSSensor,/Latitude/hasStrValue,5,0
272,string,GpsStrValue,GPSSensor,/Longitude/hasStrValue,5,0
273,string,GpsStrValue,GPSSensor,/TemperatureSensor/hasGPS/GPSSensor/hasStrValue,5,0
274,string,GpsStrValue,GPSSensor,/Location/hasLocUnits/LocationUnits/hasStrValue,5,0
275,string,GpsStrValue,GPSSensor,/GPSLocation/hasLocUnits/LocationUnits/hasStrValue,5,0
276,string,GpsStrValue,GPSSensor,/Latitude/hasLocUnits/LocationUnits/hasStrValue,5,0
277,string,GpsStrValue,GPSSensor,/Longitude/hasLocUnits/LocationUnits/hasStrValue,5,0
278,string,GpsStrValue,GPSSensor,/Sensor/hasLocation/Location/hasStrValue,5,0
279,string,GpsStrValue,GPSSensor,/GPSSensor/hasLocation/Location/hasStrValue,5,0
280,string,GpsStrValue,GPSSensor,/TemperatureSensor/hasLocation/Location/hasStrValue,5,0
281,string,GpsStrValue,GPSSensor,/IndoorTemperatureSensor/hasLocation/Location/hasStrValue,5,0
282,string,GpsStrValue,GPSSensor,/OutdoorTemperatureSensor/hasLocation/Location/hasStrValue,5,0
283,string,GpsStrValue,GPSSensor,/Sensor/hasLocation/GPSLocation/hasStrValue,5,0
284,string,GpsStrValue,GPSSensor,/GPSSensor/hasLocation/GPSLocation/hasStrValue,5,0
285,string,GpsStrValue,GPSSensor,/TemperatureSensor/hasLocation/GPSLocation/hasStrValue,5,0
286,string,GpsStrValue,GPSSensor,/IndoorTemperatureSensor/hasLocation/GPSLocation/hasStrValue,5,0
287,string,GpsStrValue,GPSSensor,/OutdoorTemperatureSensor/hasLocation/GPSLocation/hasStrValue,5,0
288,string,GpsStrValue,GPSSensor,/Sensor/hasLocation/Latitude/hasStrValue,5,0
289,string,GpsStrValue,GPSSensor,/GPSSensor/hasLocation/Latitude/hasStrValue,5,0
290,string,GpsStrValue,GPSSensor,/IndoorTemperatureSensor/hasLocation/Latitude/hasStrValue,5,0
291,string,GpsStrValue,GPSSensor,/OutdoorTemperatureSensor/hasLocation/Latitude/hasStrValue,5,0
292,string,GpsStrValue,GPSSensor,/Sensor/hasLocation/Longitude/hasStrValue,5,0
293,string,GpsStrValue,GPSSensor,/GPSSensor/hasLocation/Longitude/hasStrValue,5,0
294,string,GpsStrValue,GPSSensor,/IndoorTemperatureSensor/hasLocation/Longitude/hasStrValue,5,0
295,string,GpsStrValue,GPSSensor,/OutdoorTemperatureSensor/hasLocation/Longitude/hasStrValue,5,0
296,string,GpsStrValue,GPSSensor,/TemperatureSensor/hasTempUnits/TemperatureUnits/hasStrValue,5,0
297,string,GpsStrValue,GPSSensor,/IndoorTemperatureSensor/hasTempUnits/TemperatureUnits/hasStrValue,5,0
298,string,GpsStrValue,GPSSensor,/OutdoorTemperatureSensor/hasTempUnits/TemperatureUnits/hasStrValue,5,0
299,float,longitude,GPSSensor,/GPSSensor/hasLocation/latitude,5,0
300,float,longitude,GPSSensor,/TemperatureSensor/hasLocation/Longitude/hasDecValue,5,0
301,float,longitude,GPSSensor,/TemperatureSensor/hasLocation/Longitude/hasStrValue,5,0
302,float,longitude,GPSSensor,/Longitude/hasDecValue,5,0
303,float,longitude,GPSSensor,/Longitude/hasStrValue,5,0
304,float,longitude,GPSSensor,/Longitude/hasLocUnits/LocationUnits,5,0
305,float,longitude,GPSSensor,/Longitude/hasLocUnits/LocationUnits/hasDecValue,5,0
306,float,longitude,GPSSensor,/Longitude/hasLocUnits/LocationUnits/hasStrValue,5,0
307,float,longitude,GPSSensor,/Sensor/hasLocation/Longitude,5,0
308,float,longitude,GPSSensor,/Sensor/hasLocation/Longitude/hasDecValue,5,0
309,float,longitude,GPSSensor,/Sensor/hasLocation/Longitude/hasStrValue,5,0
310,float,longitude,GPSSensor,/Sensor/hasLocation/Longitude/hasLocUnits/LocationUnits,5,0
311,float,longitude,GPSSensor,/GPSSensor/hasLocation/Longitude/hasDecValue,5,0
312,float,longitude,GPSSensor,/GPSSensor/hasLocation/Longitude/hasStrValue,5,0
313,float,longitude,GPSSensor,/GPSSensor/hasLocation/Longitude/hasLocUnits/LocationUnits,5,0
314,float,longitude,GPSSensor,/TemperatureSensor/hasLocation/Longitude,5,0
315,float,longitude,GPSSensor,/TemperatureSensor/hasLocation/Longitude/hasLocUnits/LocationUnits,5,0
316,float,longitude,GPSSensor,/IndoorTemperatureSensor/hasLocation/Longitude,5,0
317,float,longitude,GPSSensor,/IndoorTemperatureSensor/hasLocation/Longitude/hasDecValue,5,0
318,float,longitude,GPSSensor,/IndoorTemperatureSensor/hasLocation/Longitude/hasStrValue,5,0
319,float,longitude,GPSSensor,/IndoorTemperatureSensor/hasLocation/Longitude/hasLocUnits/LocationUnits,5,0
320,float,longitude,GPSSensor,/OutdoorTemperatureSensor/hasLocation/Longitude,5,0
321,float,longitude,GPSSensor,/OutdoorTemperatureSensor/hasLocation/Longitude/hasDecValue,5,0
322,float,longitude,GPSSensor,/OutdoorTemperatureSensor/hasLocation/Longitude/hasStrValue,5,0
323,float,longitude,GPSSensor,/OutdoorTemperatureSensor/hasLocation/Longitude/hasLocUnits/LocationUnits,5,0
324,float,latitude,GPSSensor,/TemperatureSensor/hasLocation/Latitude/hasDecValue,5,0
325,float,latitude,GPSSensor,/TemperatureSensor/hasLocation/Latitude/hasStrValue,5,0
326,float,latitude,GPSSensor,/Latitude/hasDecValue,5,0
327,float,latitude,GPSSensor,/Latitude/hasStrValue,5,0
328,float,latitude,GPSSensor,/Latitude/hasLocUnits/LocationUnits,5,0
329,float,latitude,GPSSensor,/Latitude/hasLocUnits/LocationUnits/hasDecValue,5,0
330,float,latitude,GPSSensor,/Latitude/hasLocUnits/LocationUnits/hasStrValue,5,0
331,float,latitude,GPSSensor,/Sensor/hasLocation/Latitude,5,0
332,float,latitude,GPSSensor,/Sensor/hasLocation/Latitude/hasDecValue,5,0
333,float,latitude,GPSSensor,/Sensor/hasLocation/Latitude/hasStrValue,5,0
334,float,latitude,GPSSensor,/Sensor/hasLocation/Latitude/hasLocUnits/LocationUnits,5,0
335,float,latitude,GPSSensor,/GPSSensor/hasLocation/Latitude,5,0
336,float,latitude,GPSSensor,/GPSSensor/hasLocation/Latitude/hasDecValue,5,0
337,float,latitude,GPSSensor,/GPSSensor/hasLocation/Latitude/hasStrValue,5,0
338,float,latitude,GPSSensor,/GPSSensor/hasLocation/Latitude/hasLocUnits/LocationUnits,5,0
339,float,latitude,GPSSensor,/TemperatureSensor/hasLocation/Latitude,5,0
340,float,latitude,GPSSensor,/TemperatureSensor/hasLocation/Latitude/hasLocUnits/LocationUnits,5,0
341,float,latitude,GPSSensor,/IndoorTemperatureSensor/hasLocation/Latitude,5,0
342,float,latitude,GPSSensor,/IndoorTemperatureSensor/hasLocation/Latitude/hasDecValue,5,0
343,float,latitude,GPSSensor,/IndoorTemperatureSensor/hasLocation/Latitude/hasStrValue,5,0
344,float,latitude,GPSSensor,/IndoorTemperatureSensor/hasLocation/Latitude/hasLocUnits/LocationUnits,5,0
345,float,latitude,GPSSensor,/OutdoorTemperatureSensor/hasLocation/Latitude,5,0
346,float,latitude,GPSSensor,/OutdoorTemperatureSensor/hasLocation/Latitude/hasDecValue,5,0
347,float,latitude,GPSSensor,/OutdoorTemperatureSensor/hasLocation/Latitude/hasStrValue,5,0
348,float,latitude,GPSSensor,/OutdoorTemperatureSensor/hasLocation/Latitude/hasLocUnits/LocationUnits,5,0
349,float,DecValue,latitude,/TemperatureSensor/hasDecValue,2,0
350,float,DecValue,latitude,/OutdoorTemperatureSensor/hasDecValue,2,0
351,float,DecValue,latitude,/OutdoorTemperatureSensor/hasGPS/GPSSensor/hasDecValue,2,0
352,float,DecValue,latitude,/TemperatureSensor/hasLocation/Longitude/hasDecValue,2,0
353,float,DecValue,latitude,/IndoorTemperatureSensor/hasDecValue,2,0
354,float,DecValue,latitude,/IndoorTemperatureSensor/hasGPS/GPSSensor/hasDecValue,2,0
355,float,DecValue,latitude,/GPSLocation/hasDecValue,2,0
356,float,DecValue,latitude,/Latitude/hasDecValue,2,0
357,float,DecValue,latitude,/Longitude/hasDecValue,2,0
358,float,DecValue,latitude,/TemperatureSensor/hasGPS/GPSSensor/hasDecValue,2,0
359,float,DecValue,latitude,/Location/hasLocUnits/LocationUnits/hasDecValue,2,0
360,float,DecValue,latitude,/GPSLocation/hasLocUnits/LocationUnits/hasDecValue,2,0
361,float,DecValue,latitude,/Latitude/hasLocUnits/LocationUnits/hasDecValue,2,0
362,float,DecValue,latitude,/Longitude/hasLocUnits/LocationUnits/hasDecValue,2,0
363,float,DecValue,latitude,/Sensor/hasLocation/Location/hasDecValue,2,0
364,float,DecValue,latitude,/GPSSensor/hasLocation/Location/hasDecValue,2,0
365,float,DecValue,latitude,/TemperatureSensor/hasLocation/Location/hasDecValue,2,0
366,float,DecValue,latitude,/IndoorTemperatureSensor/hasLocation/Location/hasDecValue,2,0
367,float,DecValue,latitude,/OutdoorTemperatureSensor/hasLocation/Location/hasDecValue,2,0
368,float,DecValue,latitude,/Sensor/hasLocation/GPSLocation/hasDecValue,2,0
369,float,DecValue,latitude,/GPSSensor/hasLocation/GPSLocation/hasDecValue,2,0
370,float,DecValue,latitude,/TemperatureSensor/hasLocation/GPSLocation/hasDecValue,2,0
371,float,DecValue,latitude,/IndoorTemperatureSensor/hasLocation/GPSLocation/hasDecValue,2,0
372,float,DecValue,latitude,/OutdoorTemperatureSensor/hasLocation/GPSLocation/hasDecValue,2,0
373,float,DecValue,latitude,/Sensor/hasLocation/Latitude/hasDecValue,2,0
374,float,DecValue,latitude,/GPSSensor/hasLocation/Latitude/hasDecValue,2,0
375,float,DecValue,latitude,/IndoorTemperatureSensor/hasLocation/Latitude/hasDecValue,2,0
376,float,DecValue,latitude,/OutdoorTemperatureSensor/hasLocation/Latitude/hasDecValue,2,0
377,float,DecValue,latitude,/Sensor/hasLocation/Longitude/hasDecValue,2,0
378,float,DecValue,latitude,/GPSSensor/hasLocation/Longitude/hasDecValue,2,0
379,float,DecValue,latitude,/IndoorTemperatureSensor/hasLocation/Longitude/hasDecValue,2,0
380,float,DecValue,latitude,/OutdoorTemperatureSensor/hasLocation/Longitude/hasDecValue,2,0
381,float,DecValue,latitude,/TemperatureSensor/hasTempUnits/TemperatureUnits/hasDecValue,2,0
382,float,DecValue,latitude,/IndoorTemperatureSensor/hasTempUnits/TemperatureUnits/hasDecValue,2,0
383,float,DecValue,latitude,/OutdoorTemperatureSensor/hasTempUnits/TemperatureUnits/hasDecValue,2,0
384,float,DecValue,latitude,/TemperatureSensor/hasDecValue,2,0
385,string,StrValue,latitude,/OutdoorTemperatureSensor/hasGPS/GPSSensor/hasStrValue,2,0
386,string,StrValue,latitude,/TemperatureSensor/hasLocation/Longitude/hasStrValue,2,0
387,string,StrValue,latitude,/IndoorTemperatureSensor/hasGPS/GPSSensor/hasStrValue,2,0
388,string,StrValue,latitude,/GPSLocation/hasStrValue,2,0
389,string,StrValue,latitude,/Latitude/hasStrValue,2,0
390,string,StrValue,latitude,/Longitude/hasStrValue,2,0
391,string,StrValue,latitude,/TemperatureSensor/hasGPS/GPSSensor/hasStrValue,2,0
392,string,StrValue,latitude,/Location/hasLocUnits/LocationUnits/hasStrValue,2,0
393,string,StrValue,latitude,/GPSLocation/hasLocUnits/LocationUnits/hasStrValue,2,0
394,string,StrValue,latitude,/Latitude/hasLocUnits/LocationUnits/hasStrValue,2,0
395,string,StrValue,latitude,/Longitude/hasLocUnits/LocationUnits/hasStrValue,2,0
396,string,StrValue,latitude,/Sensor/hasLocation/Location/hasStrValue,2,0
397,string,StrValue,latitude,/GPSSensor/hasLocation/Location/hasStrValue,2,0
398,string,StrValue,latitude,/TemperatureSensor/hasLocation/Location/hasStrValue,2,0
399,string,StrValue,latitude,/IndoorTemperatureSensor/hasLocation/Location/hasStrValue,2,0
400,string,StrValue,latitude,/OutdoorTemperatureSensor/hasLocation/Location/hasStrValue,2,0
401,string,StrValue,latitude,/Sensor/hasLocation/GPSLocation/hasStrValue,2,0
402,string,StrValue,latitude,/GPSSensor/hasLocation/GPSLocation/hasStrValue,2,0
403,string,StrValue,latitude,/TemperatureSensor/hasLocation/GPSLocation/hasStrValue,2,0
404,string,StrValue,latitude,/IndoorTemperatureSensor/hasLocation/GPSLocation/hasStrValue,2,0
405,string,StrValue,latitude,/OutdoorTemperatureSensor/hasLocation/GPSLocation/hasStrValue,2,0
406,string,StrValue,latitude,/Sensor/hasLocation/Latitude/hasStrValue,2,0
407,string,StrValue,latitude,/GPSSensor/hasLocation/Latitude/hasStrValue,2,0
408,string,StrValue,latitude,/IndoorTemperatureSensor/hasLocation/Latitude/hasStrValue,2,0
409,string,StrValue,latitude,/OutdoorTemperatureSensor/hasLocation/Latitude/hasStrValue,2,0
410,string,StrValue,latitude,/Sensor/hasLocation/Longitude/hasStrValue,2,0
411,string,StrValue,latitude,/GPSSensor/hasLocation/Longitude/hasStrValue,2,0
412,string,StrValue,latitude,/IndoorTemperatureSensor/hasLocation/Longitude/hasStrValue,2,0
413,string,StrValue,latitude,/OutdoorTemperatureSensor/hasLocation/Longitude/hasStrValue,2,0
414,string,StrValue,latitude,/TemperatureSensor/hasTempUnits/TemperatureUnits/hasStrValue,2,0
415,string,StrValue,latitude,/IndoorTemperatureSensor/hasTempUnits/TemperatureUnits/hasStrValue,2,0
416,string,StrValue,latitude,/OutdoorTemperatureSensor/hasTempUnits/TemperatureUnits/hasStrValue,2,0
417,string,StrValue,latitude,/OutdoorTemperatureSensor/hasGPS/GPSSensor/hasStrValue,2,0
418,float,DecValue,longitude,/TemperatureSensor/hasDecValue,2,0
419,float,DecValue,longitude,/OutdoorTemperatureSensor/hasDecValue,2,0
420,float,DecValue,longitude,/OutdoorTemperatureSensor/hasGPS/GPSSensor/hasDecValue,2,0
421,float,DecValue,longitude,/TemperatureSensor/hasLocation/Latitude/hasDecValue,2,0
422,float,DecValue,longitude,/IndoorTemperatureSensor/hasDecValue,2,0
423,float,DecValue,longitude,/IndoorTemperatureSensor/hasGPS/GPSSensor/hasDecValue,2,0
424,float,DecValue,longitude,/GPSLocation/hasDecValue,2,0
425,float,DecValue,longitude,/Latitude/hasDecValue,2,0
426,float,DecValue,longitude,/Longitude/hasDecValue,2,0
427,float,DecValue,longitude,/TemperatureSensor/hasGPS/GPSSensor/hasDecValue,2,0
428,float,DecValue,longitude,/Location/hasLocUnits/LocationUnits/hasDecValue,2,0
429,float,DecValue,longitude,/GPSLocation/hasLocUnits/LocationUnits/hasDecValue,2,0
430,float,DecValue,longitude,/Latitude/hasLocUnits/LocationUnits/hasDecValue,2,0
431,float,DecValue,longitude,/Longitude/hasLocUnits/LocationUnits/hasDecValue,2,0
432,float,DecValue,longitude,/Sensor/hasLocation/Location/hasDecValue,2,0
433,float,DecValue,longitude,/GPSSensor/hasLocation/Location/hasDecValue,2,0
434,float,DecValue,longitude,/TemperatureSensor/hasLocation/Location/hasDecValue,2,0
435,float,DecValue,longitude,/IndoorTemperatureSensor/hasLocation/Location/hasDecValue,2,0
436,float,DecValue,longitude,/OutdoorTemperatureSensor/hasLocation/Location/hasDecValue,2,0
437,float,DecValue,longitude,/Sensor/hasLocation/GPSLocation/hasDecValue,2,0
438,float,DecValue,longitude,/GPSSensor/hasLocation/GPSLocation/hasDecValue,2,0
439,float,DecValue,longitude,/TemperatureSensor/hasLocation/GPSLocation/hasDecValue,2,0
440,float,DecValue,longitude,/IndoorTemperatureSensor/hasLocation/GPSLocation/hasDecValue,2,0
441,float,DecValue,longitude,/OutdoorTemperatureSensor/hasLocation/GPSLocation/hasDecValue,2,0
442,float,DecValue,longitude,/Sensor/hasLocation/Latitude/hasDecValue,2,0
443,float,DecValue,longitude,/GPSSensor/hasLocation/Latitude/hasDecValue,2,0
444,float,DecValue,longitude,/IndoorTemperatureSensor/hasLocation/Latitude/hasDecValue,2,0
445,float,DecValue,longitude,/OutdoorTemperatureSensor/hasLocation/Latitude/hasDecValue,2,0
446,float,DecValue,longitude,/Sensor/hasLocation/Longitude/hasDecValue,2,0
447,float,DecValue,longitude,/GPSSensor/hasLocation/Longitude/hasDecValue,2,0
448,float,DecValue,longitude,/IndoorTemperatureSensor/hasLocation/Longitude/hasDecValue,2,0
449,float,DecValue,longitude,/OutdoorTemperatureSensor/hasLocation/Longitude/hasDecValue,2,0
450,float,DecValue,longitude,/TemperatureSensor/hasTempUnits/TemperatureUnits/hasDecValue,2,0
451,float,DecValue,longitude,/IndoorTemperatureSensor/hasTempUnits/TemperatureUnits/hasDecValue,2,0
452,float,DecValue,longitude,/OutdoorTemperatureSensor/hasTempUnits/TemperatureUnits/hasDecValue,2,0
453,float,DecValue,longitude,/TemperatureSensor/hasDecValue,2,0
454,string,StrValue,longitude,/OutdoorTemperatureSensor/hasGPS/GPSSensor/hasStrValue,2,0
455,string,StrValue,longitude,/TemperatureSensor/hasLocation/Latitude/hasStrValue,2,0
456,string,StrValue,longitude,/IndoorTemperatureSensor/hasGPS/GPSSensor/hasStrValue,2,0
457,string,StrValue,longitude,/GPSLocation/hasStrValue,2,0
458,string,StrValue,longitude,/Latitude/hasStrValue,2,0
459,string,StrValue,longitude,/Longitude/hasStrValue,2,0
460,string,StrValue,longitude,/TemperatureSensor/hasGPS/GPSSensor/hasStrValue,2,0
461,string,StrValue,longitude,/Location/hasLocUnits/LocationUnits/hasStrValue,2,0
462,string,StrValue,longitude,/GPSLocation/hasLocUnits/LocationUnits/hasStrValue,2,0
463,string,StrValue,longitude,/Latitude/hasLocUnits/LocationUnits/hasStrValue,2,0
464,string,StrValue,longitude,/Longitude/hasLocUnits/LocationUnits/hasStrValue,2,0
465,string,StrValue,longitude,/Sensor/hasLocation/Location/hasStrValue,2,0
466,string,StrValue,longitude,/GPSSensor/hasLocation/Location/hasStrValue,2,0
467,string,StrValue,longitude,/TemperatureSensor/hasLocation/Location/hasStrValue,2,0
468,string,StrValue,longitude,/IndoorTemperatureSensor/hasLocation/Location/hasStrValue,2,0
469,string,StrValue,longitude,/OutdoorTemperatureSensor/hasLocation/Location/hasStrValue,2,0
470,string,StrValue,longitude,/Sensor/hasLocation/GPSLocation/hasStrValue,2,0
471,string,StrValue,longitude,/GPSSensor/hasLocation/GPSLocation/hasStrValue,2,0
472,string,StrValue,longitude,/TemperatureSensor/hasLocation/GPSLocation/hasStrValue,2,0
473,string,StrValue,longitude,/IndoorTemperatureSensor/hasLocation/GPSLocation/hasStrValue,2,0
474,string,StrValue,longitude,/OutdoorTemperatureSensor/hasLocation/GPSLocation/hasStrValue,2,0
475,string,StrValue,longitude,/Sensor/hasLocation/Latitude/hasStrValue,2,0
476,string,StrValue,longitude,/GPSSensor/hasLocation/Latitude/hasStrValue,2,0
477,string,StrValue,longitude,/IndoorTemperatureSensor/hasLocation/Latitude/hasStrValue,2,0
478,string,StrValue,longitude,/OutdoorTemperatureSensor/hasLocation/Latitude/hasStrValue,2,0
479,string,StrValue,longitude,/Sensor/hasLocation/Longitude/hasStrValue,2,0
480,string,StrValue,longitude,/GPSSensor/hasLocation/Longitude/hasStrValue,2,0
481,string,StrValue,longitude,/IndoorTemperatureSensor/hasLocation/Longitude/hasStrValue,2,0
482,string,StrValue,longitude,/OutdoorTemperatureSensor/hasLocation/Longitude/hasStrValue,2,0
483,string,StrValue,longitude,/TemperatureSensor/hasTempUnits/TemperatureUnits/hasStrValue,2,0
484,string,StrValue,longitude,/IndoorTemperatureSensor/hasTempUnits/TemperatureUnits/hasStrValue,2,0
485,string,StrValue,longitude,/OutdoorTemperatureSensor/hasTempUnits/TemperatureUnits/hasStrValue,2,0
486,string,StrValue,longitude,/OutdoorTemperatureSensor/hasGPS/GPSSensor/hasStrValue,2,0
487,string,GpsUnits,location,/GPSSensor/hasLocation/Location,3,0
488,float,latitudeValue,location,/GPSSensor/hasLocation/latitude,2,0
489,float,latitudeValue,location,/TemperatureSensor/hasLocation/Latitude/hasStrValue,2,0
490,float,latitudeValue,location,/Latitude/hasDecValue,2,0
491,float,latitudeValue,location,/Latitude/hasStrValue,2,0
492,float,latitudeValue,location,/Sensor/hasLocation/Latitude,2,0
493,float,latitudeValue,location,/Sensor/hasLocation/Latitude/hasDecValue,2,0
494,float,latitudeValue,location,/Sensor/hasLocation/Latitude/hasStrValue,2,0
495,float,latitudeValue,location,/GPSSensor/hasLocation/Latitude,2,0
496,float,latitudeValue,location,/GPSSensor/hasLocation/Latitude/hasDecValue,2,0
497,float,latitudeValue,location,/GPSSensor/hasLocation/Latitude/hasStrValue,2,0
498,float,latitudeValue,location,/TemperatureSensor/hasLocation/Latitude,2,0
499,float,latitudeValue,location,/IndoorTemperatureSensor/hasLocation/Latitude,2,0
500,float,latitudeValue,location,/IndoorTemperatureSensor/hasLocation/Latitude/hasDecValue,2,0
501,float,latitudeValue,location,/IndoorTemperatureSensor/hasLocation/Latitude/hasStrValue,2,0
502,float,latitudeValue,location,/OutdoorTemperatureSensor/hasLocation/Latitude,2,0
503,float,latitudeValue,location,/OutdoorTemperatureSensor/hasLocation/Latitude/hasDecValue,2,0
504,float,latitudeValue,location,/OutdoorTemperatureSensor/hasLocation/Latitude/hasStrValue,2,0
505,float,latitudeValue,location,/GPSSensor/hasLocation/latitude,2,0
506,float,longitudeValue,location,/GPSSensor/hasLocation/Longitude,2,0
507,float,longitudeValue,location,/TemperatureSensor/hasLocation/Longitude/hasStrValue,2,0
508,float,longitudeValue,location,/Longitude/hasDecValue,2,0
509,float,longitudeValue,location,/Longitude/hasStrValue,2,0
510,float,longitudeValue,location,/Sensor/hasLocation/Longitude,2,0
511,float,longitudeValue,location,/Sensor/hasLocation/Longitude/hasDecValue,2,0
512,float,longitudeValue,location,/Sensor/hasLocation/Longitude/hasStrValue,2,0
513,float,longitudeValue,location,/GPSSensor/hasLocation/Longitude/hasDecValue,2,0
514,float,longitudeValue,location,/GPSSensor/hasLocation/Longitude/hasStrValue,2,0
515,float,longitudeValue,location,/TemperatureSensor/hasLocation/Longitude,2,0
516,float,longitudeValue,location,/IndoorTemperatureSensor/hasLocation/Longitude,2,0
517,float,longitudeValue,location,/IndoorTemperatureSensor/hasLocation/Longitude/hasDecValue,2,0
518,float,longitudeValue,location,/IndoorTemperatureSensor/hasLocation/Longitude/hasStrValue,2,0
519,float,longitudeValue,location,/OutdoorTemperatureSensor/hasLocation/Longitude,2,0
520,float,longitudeValue,location,/OutdoorTemperatureSensor/hasLocation/Longitude/hasDecValue,2,0
521,float,longitudeValue,location,/OutdoorTemperatureSensor/hasLocation/Longitude/hasStrValue,2,0
522,float,longitudeValue,location,/GPSSensor/hasLocation/Longitude,2,0
523,string,unit,temp,/GPSSensor/hasLocation/GPSLocation/hasLocUnits/LocationUnits,3,0
524,string,unit,temp,/TemperatureSensor/hasLocation/GPSLocation/hasLocUnits/LocationUnits,3,0
525,string,unit,temp,/Location/hasLocUnits/LocationUnits,3,0
526,string,unit,temp,/Location/hasLocUnits/LocationUnits/hasDecValue,3,0
527,string,unit,temp,/Location/hasLocUnits/LocationUnits/hasStrValue,3,0
528,string,unit,temp,/GPSLocation/hasLocUnits/LocationUnits,3,0
529,string,unit,temp,/GPSLocation/hasLocUnits/LocationUnits/hasDecValue,3,0
530,string,unit,temp,/GPSLocation/hasLocUnits/LocationUnits/hasStrValue,3,0
531,string,unit,temp,/Latitude/hasLocUnits/LocationUnits,3,0
532,string,unit,temp,/Latitude/hasLocUnits/LocationUnits/hasDecValue,3,0
533,string,unit,temp,/Latitude/hasLocUnits/LocationUnits/hasStrValue,3,0
534,string,unit,temp,/Longitude/hasLocUnits/LocationUnits,3,0
535,string,unit,temp,/Longitude/hasLocUnits/LocationUnits/hasDecValue,3,0
536,string,unit,temp,/Longitude/hasLocUnits/LocationUnits/hasStrValue,3,0
537,string,unit,temp,/Sensor/hasLocation/Location/hasLocUnits/LocationUnits,3,0
538,string,unit,temp,/GPSSensor/hasLocation/Location/hasLocUnits/LocationUnits,3,0
539,string,unit,temp,/TemperatureSensor/hasLocation/Location/hasLocUnits/LocationUnits,3,0
540,string,unit,temp,/IndoorTemperatureSensor/hasLocation/Location/hasLocUnits/LocationUnits,3,0
541,string,unit,temp,/OutdoorTemperatureSensor/hasLocation/Location/hasLocUnits/LocationUnits,3,0
542,string,unit,temp,/Sensor/hasLocation/GPSLocation/hasLocUnits/LocationUnits,3,0
543,string,unit,temp,/IndoorTemperatureSensor/hasLocation/GPSLocation/hasLocUnits/LocationUnits,3,0
544,string,unit,temp,/OutdoorTemperatureSensor/hasLocation/GPSLocation/hasLocUnits/LocationUnits,3,0
545,string,unit,temp,/Sensor/hasLocation/Latitude/hasLocUnits/LocationUnits,3,0
546,string,unit,temp,/GPSSensor/hasLocation/Latitude/hasLocUnits/LocationUnits,3,0
547,string,unit,temp,/TemperatureSensor/hasLocation/Latitude/hasLocUnits/LocationUnits,3,0
548,string,unit,temp,/IndoorTemperatureSensor/hasLocation/Latitude/hasLocUnits/LocationUnits,3,0
549,string,unit,temp,/OutdoorTemperatureSensor/hasLocation/Latitude/hasLocUnits/LocationUnits,3,0
550,string,unit,temp,/Sensor/hasLocation/Longitude/hasLocUnits/LocationUnits,3,0
551,string,unit,temp,/GPSSensor/hasLocation/Longitude/hasLocUnits/LocationUnits,3,0
552,string,unit,temp,/TemperatureSensor/hasLocation/Longitude/hasLocUnits/LocationUnits,3,0
553,string,unit,temp,/IndoorTemperatureSensor/hasLocation/Longitude/hasLocUnits/LocationUnits,3,0
554,string,unit,temp,/OutdoorTemperatureSensor/hasLocation/Longitude/hasLocUnits/LocationUnits,3,0
555,string,unit,temp,/TemperatureSensor/hasTempUnits/TemperatureUnits/hasDecValue,3,0
556,string,unit,temp,/TemperatureSensor/hasTempUnits/TemperatureUnits/hasStrValue,3,0
557,string,unit,temp,/IndoorTemperatureSensor/hasTempUnits/TemperatureUnits,3,0
558,string,unit,temp,/IndoorTemperatureSensor/hasTempUnits/TemperatureUnits/hasDecValue,3,0
559,string,unit,temp,/IndoorTemperatureSensor/hasTempUnits/TemperatureUnits/hasStrValue,3,0
560,string,unit,temp,/OutdoorTemperatureSensor/hasTempUnits/TemperatureUnits,3,0
561,string,unit,temp,/OutdoorTemperatureSensor/hasTempUnits/TemperatureUnits/hasDecValue,3,0
562,string,unit,temp,/OutdoorTemperatureSensor/hasTempUnits/TemperatureUnits/hasStrValue,3,0
563,float,value,temp,/OutdoorTemperatureSensor/hasDecValue,3,0
564,float,value,temp,/OutdoorTemperatureSensor/hasGPS/GPSSensor/hasDecValue,3,0
565,float,value,temp,/OutdoorTemperatureSensor/hasGPS/GPSSensor/hasStrValue,3,0
566,float,value,temp,/TemperatureSensor/hasLocation/Latitude/hasDecValue,3,0
567,float,value,temp,/TemperatureSensor/hasLocation/Latitude/hasStrValue,3,0
568,float,value,temp,/TemperatureSensor/hasLocation/Longitude/hasDecValue,3,0
569,float,value,temp,/TemperatureSensor/hasLocation/Longitude/hasStrValue,3,0
570,float,value,temp,/IndoorTemperatureSensor/hasDecValue,3,0
571,float,value,temp,/IndoorTemperatureSensor/hasGPS/GPSSensor/hasDecValue,3,0
572,float,value,temp,/IndoorTemperatureSensor/hasGPS/GPSSensor/hasStrValue,3,0
573,float,value,temp,/GPSLocation/hasDecValue,3,0
574,float,value,temp,/Latitude/hasDecValue,3,0
575,float,value,temp,/Longitude/hasDecValue,3,0
576,float,value,temp,/GPSLocation/hasStrValue,3,0
577,float,value,temp,/Latitude/hasStrValue,3,0
578,float,value,temp,/Longitude/hasStrValue,3,0
579,float,value,temp,/TemperatureSensor/hasGPS/GPSSensor/hasDecValue,3,0
580,float,value,temp,/TemperatureSensor/hasGPS/GPSSensor/hasStrValue,3,0
581,float,value,temp,/Location/hasLocUnits/LocationUnits/hasDecValue,3,0
582,float,value,temp,/Location/hasLocUnits/LocationUnits/hasStrValue,3,0
583,float,value,temp,/GPSLocation/hasLocUnits/LocationUnits/hasDecValue,3,0
584,float,value,temp,/GPSLocation/hasLocUnits/LocationUnits/hasStrValue,3,0
585,float,value,temp,/Latitude/hasLocUnits/LocationUnits/hasDecValue,3,0
586,float,value,temp,/Latitude/hasLocUnits/LocationUnits/hasStrValue,3,0
587,float,value,temp,/Longitude/hasLocUnits/LocationUnits/hasDecValue,3,0
588,float,value,temp,/Longitude/hasLocUnits/LocationUnits/hasStrValue,3,0
589,float,value,temp,/Sensor/hasLocation/Location/hasDecValue,3,0
590,float,value,temp,/Sensor/hasLocation/Location/hasStrValue,3,0
591,float,value,temp,/GPSSensor/hasLocation/Location/hasDecValue,3,0
592,float,value,temp,/GPSSensor/hasLocation/Location/hasStrValue,3,0
593,float,value,temp,/TemperatureSensor/hasLocation/Location/hasDecValue,3,0
594,float,value,temp,/TemperatureSensor/hasLocation/Location/hasStrValue,3,0
595,float,value,temp,/IndoorTemperatureSensor/hasLocation/Location/hasDecValue,3,0
596,float,value,temp,/IndoorTemperatureSensor/hasLocation/Location/hasStrValue,3,0
597,float,value,temp,/OutdoorTemperatureSensor/hasLocation/Location/hasDecValue,3,0
598,float,value,temp,/OutdoorTemperatureSensor/hasLocation/Location/hasStrValue,3,0
599,float,value,temp,/Sensor/hasLocation/GPSLocation/hasDecValue,3,0
600,float,value,temp,/Sensor/hasLocation/GPSLocation/hasStrValue,3,0
601,float,value,temp,/GPSSensor/hasLocation/GPSLocation/hasDecValue,3,0
602,float,value,temp,/GPSSensor/hasLocation/GPSLocation/hasStrValue,3,0
603,float,value,temp,/TemperatureSensor/hasLocation/GPSLocation/hasDecValue,3,0
604,float,value,temp,/TemperatureSensor/hasLocation/GPSLocation/hasStrValue,3,0
605,float,value,temp,/IndoorTemperatureSensor/hasLocation/GPSLocation/hasDecValue,3,0
606,float,value,temp,/IndoorTemperatureSensor/hasLocation/GPSLocation/hasStrValue,3,0
607,float,value,temp,/OutdoorTemperatureSensor/hasLocation/GPSLocation/hasDecValue,3,0
608,float,value,temp,/OutdoorTemperatureSensor/hasLocation/GPSLocation/hasStrValue,3,0
609,float,value,temp,/Sensor/hasLocation/Latitude/hasDecValue,3,0
610,float,value,temp,/Sensor/hasLocation/Latitude/hasStrValue,3,0
611,float,value,temp,/GPSSensor/hasLocation/Latitude/hasDecValue,3,0
612,float,value,temp,/GPSSensor/hasLocation/Latitude/hasStrValue,3,0
613,float,value,temp,/IndoorTemperatureSensor/hasLocation/Latitude/hasDecValue,3,0
614,float,value,temp,/IndoorTemperatureSensor/hasLocation/Latitude/hasStrValue,3,0
615,float,value,temp,/OutdoorTemperatureSensor/hasLocation/Latitude/hasDecValue,3,0
616,float,value,temp,/OutdoorTemperatureSensor/hasLocation/Latitude/hasStrValue,3,0
617,float,value,temp,/Sensor/hasLocation/Longitude/hasDecValue,3,0
618,float,value,temp,/Sensor/hasLocation/Longitude/hasStrValue,3,0
619,float,value,temp,/GPSSensor/hasLocation/Longitude/hasDecValue,3,0
620,float,value,temp,/GPSSensor/hasLocation/Longitude/hasStrValue,3,0
621,float,value,temp,/IndoorTemperatureSensor/hasLocation/Longitude/hasDecValue,3,0
622,float,value,temp,/IndoorTemperatureSensor/hasLocation/Longitude/hasStrValue,3,0
623,float,value,temp,/OutdoorTemperatureSensor/hasLocation/Longitude/hasDecValue,3,0
624,float,value,temp,/OutdoorTemperatureSensor/hasLocation/Longitude/hasStrValue,3,0
625,float,value,temp,/TemperatureSensor/hasTempUnits/TemperatureUnits/hasDecValue,3,0
626,float,value,temp,/TemperatureSensor/hasTempUnits/TemperatureUnits/hasStrValue,3,0
627,float,value,temp,/IndoorTemperatureSensor/hasTempUnits/TemperatureUnits/hasDecValue,3,0
628,float,value,temp,/IndoorTemperatureSensor/hasTempUnits/TemperatureUnits/hasStrValue,3,0
629,float,value,temp,/OutdoorTemperatureSensor/hasTempUnits/TemperatureUnits/hasDecValue,3,0
630,float,value,temp,/OutdoorTemperatureSensor/hasTempUnits/TemperatureUnits/hasStrValue,3,0
631,string,units,tempsensor,/GPSSensor/hasLocation/GPSLocation/hasLocUnits/LocationUnits,5,0
632,string,units,tempsensor,/TemperatureSensor/hasLocation/GPSLocation/hasLocUnits/LocationUnits,5,0
633,string,units,tempsensor,/Location/hasLocUnits/LocationUnits,5,0
634,string,units,tempsensor,/Location/hasLocUnits/LocationUnits/hasDecValue,5,0
635,string,units,tempsensor,/Location/hasLocUnits/LocationUnits/hasStrValue,5,0
636,string,units,tempsensor,/GPSLocation/hasLocUnits/LocationUnits,5,0
637,string,units,tempsensor,/GPSLocation/hasLocUnits/LocationUnits/hasDecValue,5,0
638,string,units,tempsensor,/GPSLocation/hasLocUnits/LocationUnits/hasStrValue,5,0
639,string,units,tempsensor,/Latitude/hasLocUnits/LocationUnits,5,0
640,string,units,tempsensor,/Latitude/hasLocUnits/LocationUnits/hasDecValue,5,0
641,string,units,tempsensor,/Latitude/hasLocUnits/LocationUnits/hasStrValue,5,0
642,string,units,tempsensor,/Longitude/hasLocUnits/LocationUnits,5,0
643,string,units,tempsensor,/Longitude/hasLocUnits/LocationUnits/hasDecValue,5,0
644,string,units,tempsensor,/Longitude/hasLocUnits/LocationUnits/hasStrValue,5,0
645,string,units,tempsensor,/Sensor/hasLocation/Location/hasLocUnits/LocationUnits,5,0
646,string,units,tempsensor,/GPSSensor/hasLocation/Location/hasLocUnits/LocationUnits,5,0
647,string,units,tempsensor,/TemperatureSensor/hasLocation/Location/hasLocUnits/LocationUnits,5,0
648,string,units,tempsensor,/IndoorTemperatureSensor/hasLocation/Location/hasLocUnits/LocationUnits,5,0
649,string,units,tempsensor,/OutdoorTemperatureSensor/hasLocation/Location/hasLocUnits/LocationUnits,5,0
650,string,units,tempsensor,/Sensor/hasLocation/GPSLocation/hasLocUnits/LocationUnits,5,0
651,string,units,tempsensor,/IndoorTemperatureSensor/hasLocation/GPSLocation/hasLocUnits/LocationUnits,5,0
652,string,units,tempsensor,/OutdoorTemperatureSensor/hasLocation/GPSLocation/hasLocUnits/LocationUnits,5,0
653,string,units,tempsensor,/Sensor/hasLocation/Latitude/hasLocUnits/LocationUnits,5,0
654,string,units,tempsensor,/GPSSensor/hasLocation/Latitude/hasLocUnits/LocationUnits,5,0
655,string,units,tempsensor,/TemperatureSensor/hasLocation/Latitude/hasLocUnits/LocationUnits,5,0
656,string,units,tempsensor,/IndoorTemperatureSensor/hasLocation/Latitude/hasLocUnits/LocationUnits,5,0
657,string,units,tempsensor,/OutdoorTemperatureSensor/hasLocation/Latitude/hasLocUnits/LocationUnits,5,0
658,string,units,tempsensor,/Sensor/hasLocation/Longitude/hasLocUnits/LocationUnits,5,0
659,string,units,tempsensor,/GPSSensor/hasLocation/Longitude/hasLocUnits/LocationUnits,5,0
660,string,units,tempsensor,/TemperatureSensor/hasLocation/Longitude/hasLocUnits/LocationUnits,5,0
661,string,units,tempsensor,/IndoorTemperatureSensor/hasLocation/Longitude/hasLocUnits/LocationUnits,5,0
662,string,units,tempsensor,/OutdoorTemperatureSensor/hasLocation/Longitude/hasLocUnits/LocationUnits,5,0
663,string,units,tempsensor,/TemperatureSensor/hasTempUnits/TemperatureUnits/hasDecValue,5,0
664,string,units,tempsensor,/TemperatureSensor/hasTempUnits/TemperatureUnits/hasStrValue,5,0
665,string,units,tempsensor,/IndoorTemperatureSensor/hasTempUnits/TemperatureUnits,5,0
666,string,units,tempsensor,/IndoorTemperatureSensor/hasTempUnits/TemperatureUnits/hasDecValue,5,0
667,string,units,tempsensor,/IndoorTemperatureSensor/hasTempUnits/TemperatureUnits/hasStrValue,5,0
668,string,units,tempsensor,/OutdoorTemperatureSensor/hasTempUnits/TemperatureUnits,5,0
669,string,units,tempsensor,/OutdoorTemperatureSensor/hasTempUnits/TemperatureUnits/hasDecValue,5,0
670,string,units,tempsensor,/OutdoorTemperatureSensor/hasTempUnits/TemperatureUnits/hasStrValue,5,0
671,string,tempunits,TempSensor,/TemperatureSensor/hasTempUnits/TemperatureUnits/hasDecValue,16,0
672,string,tempunits,TempSensor,/TemperatureSensor/hasTempUnits/TemperatureUnits/hasStrValue,16,0
673,string,tempunits,TempSensor,/IndoorTemperatureSensor/hasTempUnits/TemperatureUnits,16,0
674,string,tempunits,TempSensor,/IndoorTemperatureSensor/hasTempUnits/TemperatureUnits/hasDecValue,16,0
675,string,tempunits,TempSensor,/IndoorTemperatureSensor/hasTempUnits/TemperatureUnits/hasStrValue,16,0
676,string,tempunits,TempSensor,/OutdoorTemperatureSensor/hasTempUnits/TemperatureUnits,16,0
677,string,tempunits,TempSensor,/OutdoorTemperatureSensor/hasTempUnits/TemperatureUnits/hasDecValue,16,0
678,string,tempunits,TempSensor,/OutdoorTemperatureSensor/hasTempUnits/TemperatureUnits/hasStrValue,16,0
679,float,outdoorValue,TempSensor,/Longitude/hasStrValue,16,0
680,float,ssOutdoorValue,temprzatureSensor,/TemperatureSensor/hasDecValue,5,0
681,float,latitudeDecValue,location,/GPSSensor/hasLocation/latitude,6,0
682,float,latitudeDecValue,location,/GPSSensor/hasLocation/latitude,6,0
683,float,longitudeDecValue,location,/GPSSensor/hasLocation/Longitude,6,0
684,float,longitudeDecValue,location,/TemperatureSensor/hasLocation/Longitude/hasStrValue,6,0
685,float,longitudeDecValue,location,/Longitude/hasDecValue,6,0
686,float,longitudeDecValue,location,/Longitude/hasStrValue,6,0
687,float,longitudeDecValue,location,/Sensor/hasLocation/Longitude,6,0
688,float,longitudeDecValue,location,/Sensor/hasLocation/Longitude/hasDecValue,6,0
689,float,longitudeDecValue,location,/Sensor/hasLocation/Longitude/hasStrValue,6,0
690,float,longitudeDecValue,location,/GPSSensor/hasLocation/Longitude/hasDecValue,6,0
691,float,longitudeDecValue,location,/GPSSensor/hasLocation/Longitude/hasStrValue,6,0
692,float,longitudeDecValue,location,/TemperatureSensor/hasLocation/Longitude,6,0
693,float,longitudeDecValue,location,/IndoorTemperatureSensor/hasLocation/Longitude,6,0
694,float,longitudeDecValue,location,/IndoorTemperatureSensor/hasLocation/Longitude/hasDecValue,6,0
695,float,longitudeDecValue,location,/IndoorTemperatureSensor/hasLocation/Longitude/hasStrValue,6,0
696,float,longitudeDecValue,location,/OutdoorTemperatureSensor/hasLocation/Longitude,6,0
697,float,longitudeDecValue,location,/OutdoorTemperatureSensor/hasLocation/Longitude/hasDecValue,6,0
698,float,longitudeDecValue,location,/OutdoorTemperatureSensor/hasLocation/Longitude/hasStrValue,6,0
699,float,longitudeDecValue,location,/GPSSensor/hasLocation/Longitude,6,0
700,string,latitudeStrValue,location,/GPSSensor/hasLocation/latitude,6,0
701,string,latitudeStrValue,location,/GPSSensor/hasLocation/latitude,6,0
702,string,longitudeStrValue,location,/GPSSensor/hasLocation/Longitude,6,0
703,string,longitudeStrValue,location,/TemperatureSensor/hasLocation/Longitude/hasDecValue,6,0
704,string,longitudeStrValue,location,/Longitude/hasDecValue,6,0
705,string,longitudeStrValue,location,/Longitude/hasStrValue,6,0
706,string,longitudeStrValue,location,/Sensor/hasLocation/Longitude,6,0
707,string,longitudeStrValue,location,/Sensor/hasLocation/Longitude/hasDecValue,6,0
708,string,longitudeStrValue,location,/Sensor/hasLocation/Longitude/hasStrValue,6,0
709,string,longitudeStrValue,location,/GPSSensor/hasLocation/Longitude/hasDecValue,6,0
710,string,longitudeStrValue,location,/GPSSensor/hasLocation/Longitude/hasStrValue,6,0
711,string,longitudeStrValue,location,/TemperatureSensor/hasLocation/Longitude,6,0
712,string,longitudeStrValue,location,/IndoorTemperatureSensor/hasLocation/Longitude,6,0
713,string,longitudeStrValue,location,/IndoorTemperatureSensor/hasLocation/Longitude/hasDecValue,6,0
714,string,longitudeStrValue,location,/IndoorTemperatureSensor/hasLocation/Longitude/hasStrValue,6,0
715,string,longitudeStrValue,location,/OutdoorTemperatureSensor/hasLocation/Longitude,6,0
716,string,longitudeStrValue,location,/OutdoorTemperatureSensor/hasLocation/Longitude/hasDecValue,6,0
717,string,longitudeStrValue,location,/OutdoorTemperatureSensor/hasLocation/Longitude/hasStrValue,6,0
718,string,longitudeStrValue,location,/GPSSensor/hasLocation/Longitude,6,0
719,string,units,TempSensor,/GPSSensor/hasLocation/GPSLocation/hasLocUnits/LocationUnits,8,0
720,string,units,TempSensor,/TemperatureSensor/hasLocation/GPSLocation/hasLocUnits/LocationUnits,8,0
721,string,units,TempSensor,/Location/hasLocUnits/LocationUnits,8,0
722,string,units,TempSensor,/Location/hasLocUnits/LocationUnits/hasDecValue,8,0
723,string,units,TempSensor,/Location/hasLocUnits/LocationUnits/hasStrValue,8,0
724,string,units,TempSensor,/GPSLocation/hasLocUnits/LocationUnits,8,0
725,string,units,TempSensor,/GPSLocation/hasLocUnits/LocationUnits/hasDecValue,8,0
726,string,units,TempSensor,/GPSLocation/hasLocUnits/LocationUnits/hasStrValue,8,0
727,string,units,TempSensor,/Latitude/hasLocUnits/LocationUnits,8,0
728,string,units,TempSensor,/Latitude/hasLocUnits/LocationUnits/hasDecValue,8,0
729,string,units,TempSensor,/Latitude/hasLocUnits/LocationUnits/hasStrValue,8,0
730,string,units,TempSensor,/Longitude/hasLocUnits/LocationUnits,8,0
731,string,units,TempSensor,/Longitude/hasLocUnits/LocationUnits/hasDecValue,8,0
732,string,units,TempSensor,/Longitude/hasLocUnits/LocationUnits/hasStrValue,8,0
733,string,units,TempSensor,/Sensor/hasLocation/Location/hasLocUnits/LocationUnits,8,0
734,string,units,TempSensor,/GPSSensor/hasLocation/Location/hasLocUnits/LocationUnits,8,0
735,string,units,TempSensor,/TemperatureSensor/hasLocation/Location/hasLocUnits/LocationUnits,8,0
736,string,units,TempSensor,/IndoorTemperatureSensor/hasLocation/Location/hasLocUnits/LocationUnits,8,0
737,string,units,TempSensor,/OutdoorTemperatureSensor/hasLocation/Location/hasLocUnits/LocationUnits,8,0
738,string,units,TempSensor,/Sensor/hasLocation/GPSLocation/hasLocUnits/LocationUnits,8,0
739,string,units,TempSensor,/IndoorTemperatureSensor/hasLocation/GPSLocation/hasLocUnits/LocationUnits,8,0
740,string,units,TempSensor,/OutdoorTemperatureSensor/hasLocation/GPSLocation/hasLocUnits/LocationUnits,8,0
741,string,units,TempSensor,/Sensor/hasLocation/Latitude/hasLocUnits/LocationUnits,8,0
742,string,units,TempSensor,/GPSSensor/hasLocation/Latitude/hasLocUnits/LocationUnits,8,0
743,string,units,TempSensor,/TemperatureSensor/hasLocation/Latitude/hasLocUnits/LocationUnits,8,0
744,string,units,TempSensor,/IndoorTemperatureSensor/hasLocation/Latitude/hasLocUnits/LocationUnits,8,0
745,string,units,TempSensor,/OutdoorTemperatureSensor/hasLocation/Latitude/hasLocUnits/LocationUnits,8,0
746,string,units,TempSensor,/Sensor/hasLocation/Longitude/hasLocUnits/LocationUnits,8,0
747,string,units,TempSensor,/GPSSensor/hasLocation/Longitude/hasLocUnits/LocationUnits,8,0
748,string,units,TempSensor,/TemperatureSensor/hasLocation/Longitude/hasLocUnits/LocationUnits,8,0
749,string,units,TempSensor,/IndoorTemperatureSensor/hasLocation/Longitude/hasLocUnits/LocationUnits,8,0
750,string,units,TempSensor,/OutdoorTemperatureSensor/hasLocation/Longitude/hasLocUnits/LocationUnits,8,0
751,string,units,TempSensor,/TemperatureSensor/hasTempUnits/TemperatureUnits/hasDecValue,8,0
752,string,units,TempSensor,/TemperatureSensor/hasTempUnits/TemperatureUnits/hasStrValue,8,0
753,string,units,TempSensor,/IndoorTemperatureSensor/hasTempUnits/TemperatureUnits,8,0
754,string,units,TempSensor,/IndoorTemperatureSensor/hasTempUnits/TemperatureUnits/hasDecValue,8,0
755,string,units,TempSensor,/IndoorTemperatureSensor/hasTempUnits/TemperatureUnits/hasStrValue,8,0
756,string,units,TempSensor,/OutdoorTemperatureSensor/hasTempUnits/TemperatureUnits,8,0
757,string,units,TempSensor,/OutdoorTemperatureSensor/hasTempUnits/TemperatureUnits/hasDecValue,8,0
758,string,units,TempSensor,/OutdoorTemperatureSensor/hasTempUnits/TemperatureUnits/hasStrValue,8,0
759,string,LocationUnits,GPSSensor,/TemperatureSensor/hasLocation/GPSLocation/hasLocUnits/LocationUnits,5,0
760,string,LocationUnits,GPSSensor,/Location/hasLocUnits/LocationUnits,5,0
761,string,LocationUnits,GPSSensor,/Location/hasLocUnits/LocationUnits/hasDecValue,5,0
762,string,LocationUnits,GPSSensor,/Location/hasLocUnits/LocationUnits/hasStrValue,5,0
763,string,LocationUnits,GPSSensor,/GPSLocation/hasLocUnits/LocationUnits,5,0
764,string,LocationUnits,GPSSensor,/GPSLocation/hasLocUnits/LocationUnits/hasDecValue,5,0
765,string,LocationUnits,GPSSensor,/GPSLocation/hasLocUnits/LocationUnits/hasStrValue,5,0
766,string,LocationUnits,GPSSensor,/Latitude/hasLocUnits/LocationUnits,5,0
767,string,LocationUnits,GPSSensor,/Latitude/hasLocUnits/LocationUnits/hasDecValue,5,0
768,string,LocationUnits,GPSSensor,/Latitude/hasLocUnits/LocationUnits/hasStrValue,5,0
769,string,LocationUnits,GPSSensor,/Longitude/hasLocUnits/LocationUnits,5,0
770,string,LocationUnits,GPSSensor,/Longitude/hasLocUnits/LocationUnits/hasDecValue,5,0
771,string,LocationUnits,GPSSensor,/Longitude/hasLocUnits/LocationUnits/hasStrValue,5,0
772,string,LocationUnits,GPSSensor,/Sensor/hasLocation/Location,5,0
773,string,LocationUnits,GPSSensor,/Sensor/hasLocation/Location/hasDecValue,5,0
774,string,LocationUnits,GPSSensor,/Sensor/hasLocation/Location/hasStrValue,5,0
775,string,LocationUnits,GPSSensor,/Sensor/hasLocation/Location/hasLocUnits/LocationUnits,5,0
776,string,LocationUnits,GPSSensor,/GPSSensor/hasLocation/Location,5,0
777,string,LocationUnits,GPSSensor,/GPSSensor/hasLocation/Location/hasDecValue,5,0
778,string,LocationUnits,GPSSensor,/GPSSensor/hasLocation/Location/hasStrValue,5,0
779,string,LocationUnits,GPSSensor,/GPSSensor/hasLocation/Location/hasLocUnits/LocationUnits,5,0
780,string,LocationUnits,GPSSensor,/TemperatureSensor/hasLocation/Location,5,0
781,string,LocationUnits,GPSSensor,/TemperatureSensor/hasLocation/Location/hasDecValue,5,0
782,string,LocationUnits,GPSSensor,/TemperatureSensor/hasLocation/Location/hasStrValue,5,0
783,string,LocationUnits,GPSSensor,/TemperatureSensor/hasLocation/Location/hasLocUnits/LocationUnits,5,0
784,string,LocationUnits,GPSSensor,/IndoorTemperatureSensor/hasLocation/Location,5,0
785,string,LocationUnits,GPSSensor,/IndoorTemperatureSensor/hasLocation/Location/hasDecValue,5,0
786,string,LocationUnits,GPSSensor,/IndoorTemperatureSensor/hasLocation/Location/hasStrValue,5,0
787,string,LocationUnits,GPSSensor,/IndoorTemperatureSensor/hasLocation/Location/hasLocUnits/LocationUnits,5,0
788,string,LocationUnits,GPSSensor,/OutdoorTemperatureSensor/hasLocation/Location,5,0
789,string,LocationUnits,GPSSensor,/OutdoorTemperatureSensor/hasLocation/Location/hasDecValue,5,0
790,string,LocationUnits,GPSSensor,/OutdoorTemperatureSensor/hasLocation/Location/hasStrValue,5,0
791,string,LocationUnits,GPSSensor,/OutdoorTemperatureSensor/hasLocation/Location/hasLocUnits/LocationUnits,5,0
792,string,LocationUnits,GPSSensor,/Sensor/hasLocation/GPSLocation/hasLocUnits/LocationUnits,5,0
793,string,LocationUnits,GPSSensor,/IndoorTemperatureSensor/hasLocation/GPSLocation/hasLocUnits/LocationUnits,5,0
794,string,LocationUnits,GPSSensor,/OutdoorTemperatureSensor/hasLocation/GPSLocation/hasLocUnits/LocationUnits,5,0
795,string,LocationUnits,GPSSensor,/Sensor/hasLocation/Latitude/hasLocUnits/LocationUnits,5,0
796,string,LocationUnits,GPSSensor,/GPSSensor/hasLocation/Latitude/hasLocUnits/LocationUnits,5,0
797,string,LocationUnits,GPSSensor,/TemperatureSensor/hasLocation/Latitude/hasLocUnits/LocationUnits,5,0
798,string,LocationUnits,GPSSensor,/IndoorTemperatureSensor/hasLocation/Latitude/hasLocUnits/LocationUnits,5,0
799,string,LocationUnits,GPSSensor,/OutdoorTemperatureSensor/hasLocation/Latitude/hasLocUnits/LocationUnits,5,0
800,string,LocationUnits,GPSSensor,/Sensor/hasLocation/Longitude/hasLocUnits/LocationUnits,5,0
801,string,LocationUnits,GPSSensor,/GPSSensor/hasLocation/Longitude/hasLocUnits/LocationUnits,5,0
802,string,LocationUnits,GPSSensor,/TemperatureSensor/hasLocation/Longitude/hasLocUnits/LocationUnits,5,0
803,string,LocationUnits,GPSSensor,/IndoorTemperatureSensor/hasLocation/Longitude/hasLocUnits/LocationUnits,5,0
804,string,LocationUnits,GPSSensor,/OutdoorTemperatureSensor/hasLocation/Longitude/hasLocUnits/LocationUnits,5,0
805,float,GpsDecValue,GPSSensor,/TemperatureSensor/hasDecValue,5,0
806,float,GpsDecValue,GPSSensor,/OutdoorTemperatureSensor/hasDecValue,5,0
807,float,GpsDecValue,GPSSensor,/OutdoorTemperatureSensor/hasGPS/GPSSensor/hasDecValue,5,0
808,float,GpsDecValue,GPSSensor,/TemperatureSensor/hasLocation/Latitude/hasDecValue,5,0
809,float,GpsDecValue,GPSSensor,/TemperatureSensor/hasLocation/Longitude/hasDecValue,5,0
810,float,GpsDecValue,GPSSensor,/IndoorTemperatureSensor/hasDecValue,5,0
811,float,GpsDecValue,GPSSensor,/GPSLocation/hasDecValue,5,0
812,float,GpsDecValue,GPSSensor,/Latitude/hasDecValue,5,0
813,float,GpsDecValue,GPSSensor,/Longitude/hasDecValue,5,0
814,float,GpsDecValue,GPSSensor,/TemperatureSensor/hasGPS/GPSSensor/hasDecValue,5,0
815,float,GpsDecValue,GPSSensor,/Location/hasLocUnits/LocationUnits/hasDecValue,5,0
816,float,GpsDecValue,GPSSensor,/GPSLocation/hasLocUnits/LocationUnits/hasDecValue,5,0
817,float,GpsDecValue,GPSSensor,/Latitude/hasLocUnits/LocationUnits/hasDecValue,5,0
818,float,GpsDecValue,GPSSensor,/Longitude/hasLocUnits/LocationUnits/hasDecValue,5,0
819,float,GpsDecValue,GPSSensor,/Sensor/hasLocation/Location/hasDecValue,5,0
820,float,GpsDecValue,GPSSensor,/GPSSensor/hasLocation/Location/hasDecValue,5,0
821,float,GpsDecValue,GPSSensor,/TemperatureSensor/hasLocation/Location/hasDecValue,5,0
822,float,GpsDecValue,GPSSensor,/IndoorTemperatureSensor/hasLocation/Location/hasDecValue,5,0
823,float,GpsDecValue,GPSSensor,/OutdoorTemperatureSensor/hasLocation/Location/hasDecValue,5,0
824,float,GpsDecValue,GPSSensor,/Sensor/hasLocation/GPSLocation/hasDecValue,5,0
825,float,GpsDecValue,GPSSensor,/GPSSensor/hasLocation/GPSLocation/hasDecValue,5,0
826,float,GpsDecValue,GPSSensor,/TemperatureSensor/hasLocation/GPSLocation/hasDecValue,5,0
827,float,GpsDecValue,GPSSensor,/IndoorTemperatureSensor/hasLocation/GPSLocation/hasDecValue,5,0
828,float,GpsDecValue,GPSSensor,/OutdoorTemperatureSensor/hasLocation/GPSLocation/hasDecValue,5,0
829,float,GpsDecValue,GPSSensor,/Sensor/hasLocation/Latitude/hasDecValue,5,0
830,float,GpsDecValue,GPSSensor,/GPSSensor/hasLocation/Latitude/hasDecValue,5,0
831,float,GpsDecValue,GPSSensor,/IndoorTemperatureSensor/hasLocation/Latitude/hasDecValue,5,0
832,float,GpsDecValue,GPSSensor,/OutdoorTemperatureSensor/hasLocation/Latitude/hasDecValue,5,0
833,float,GpsDecValue,GPSSensor,/Sensor/hasLocation/Longitude/hasDecValue,5,0
834,float,GpsDecValue,GPSSensor,/GPSSensor/hasLocation/Longitude/hasDecValue,5,0
835,float,GpsDecValue,GPSSensor,/IndoorTemperatureSensor/hasLocation/Longitude/hasDecValue,5,0
836,float,GpsDecValue,GPSSensor,/OutdoorTemperatureSensor/hasLocation/Longitude/hasDecValue,5,0
837,float,GpsDecValue,GPSSensor,/TemperatureSensor/hasTempUnits/TemperatureUnits/hasDecValue,5,0
838,float,GpsDecValue,GPSSensor,/IndoorTemperatureSensor/hasTempUnits/TemperatureUnits/hasDecValue,5,0
839,float,GpsDecValue,GPSSensor,/OutdoorTemperatureSensor/hasTempUnits/TemperatureUnits/hasDecValue,5,0
840,float,GpsDecValue,GPSSensor,/TemperatureSensor/hasDecValue,5,0
841,string,GpsStrValue,GPSSensor,/OutdoorTemperatureSensor/hasGPS/GPSSensor/hasStrValue,5,0
842,string,GpsStrValue,GPSSensor,/TemperatureSensor/hasLocation/Latitude/hasStrValue,5,0
843,string,GpsStrValue,GPSSensor,/TemperatureSensor/hasLocation/Longitude/hasStrValue,5,0
844,string,GpsStrValue,GPSSensor,/GPSLocation/hasStrValue,5,0
845,string,GpsStrValue,GPSSensor,/Latitude/hasStrValue,5,0
846,string,GpsStrValue,GPSSensor,/Longitude/hasStrValue,5,0
847,string,GpsStrValue,GPSSensor,/TemperatureSensor/hasGPS/GPSSensor/hasStrValue,5,0
848,string,GpsStrValue,GPSSensor,/Location/hasLocUnits/LocationUnits/hasStrValue,5,0
849,string,GpsStrValue,GPSSensor,/GPSLocation/hasLocUnits/LocationUnits/hasStrValue,5,0
850,string,GpsStrValue,GPSSensor,/Latitude/hasLocUnits/LocationUnits/hasStrValue,5,0
851,string,GpsStrValue,GPSSensor,/Longitude/hasLocUnits/LocationUnits/hasStrValue,5,0
852,string,GpsStrValue,GPSSensor,/Sensor/hasLocation/Location/hasStrValue,5,0
853,string,GpsStrValue,GPSSensor,/GPSSensor/hasLocation/Location/hasStrValue,5,0
854,string,GpsStrValue,GPSSensor,/TemperatureSensor/hasLocation/Location/hasStrValue,5,0
855,string,GpsStrValue,GPSSensor,/IndoorTemperatureSensor/hasLocation/Location/hasStrValue,5,0
856,string,GpsStrValue,GPSSensor,/OutdoorTemperatureSensor/hasLocation/Location/hasStrValue,5,0
857,string,GpsStrValue,GPSSensor,/Sensor/hasLocation/GPSLocation/hasStrValue,5,0
858,string,GpsStrValue,GPSSensor,/GPSSensor/hasLocation/GPSLocation/hasStrValue,5,0
859,string,GpsStrValue,GPSSensor,/TemperatureSensor/hasLocation/GPSLocation/hasStrValue,5,0
860,string,GpsStrValue,GPSSensor,/IndoorTemperatureSensor/hasLocation/GPSLocation/hasStrValue,5,0
861,string,GpsStrValue,GPSSensor,/OutdoorTemperatureSensor/hasLocation/GPSLocation/hasStrValue,5,0
862,string,GpsStrValue,GPSSensor,/Sensor/hasLocation/Latitude/hasStrValue,5,0
863,string,GpsStrValue,GPSSensor,/GPSSensor/hasLocation/Latitude/hasStrValue,5,0
864,string,GpsStrValue,GPSSensor,/IndoorTemperatureSensor/hasLocation/Latitude/hasStrValue,5,0
865,string,GpsStrValue,GPSSensor,/OutdoorTemperatureSensor/hasLocation/Latitude/hasStrValue,5,0
866,string,GpsStrValue,GPSSensor,/Sensor/hasLocation/Longitude/hasStrValue,5,0
867,string,GpsStrValue,GPSSensor,/GPSSensor/hasLocation/Longitude/hasStrValue,5,0
868,string,GpsStrValue,GPSSensor,/IndoorTemperatureSensor/hasLocation/Longitude/hasStrValue,5,0
869,string,GpsStrValue,GPSSensor,/OutdoorTemperatureSensor/hasLocation/Longitude/hasStrValue,5,0
870,string,GpsStrValue,GPSSensor,/TemperatureSensor/hasTempUnits/TemperatureUnits/hasStrValue,5,0
871,string,GpsStrValue,GPSSensor,/IndoorTemperatureSensor/hasTempUnits/TemperatureUnits/hasStrValue,5,0
872,string,GpsStrValue,GPSSensor,/OutdoorTemperatureSensor/hasTempUnits/TemperatureUnits/hasStrValue,5,0
873,string,GpsStrValue,GPSSensor,/OutdoorTemperatureSensor/hasGPS/GPSSensor/hasStrValue,5,0
874,float,longitude,GPSSensor,/GPSSensor/hasLocation/latitude,5,0
875,float,longitude,GPSSensor,/TemperatureSensor/hasLocation/Longitude/hasDecValue,5,0
876,float,longitude,GPSSensor,/TemperatureSensor/hasLocation/Longitude/hasStrValue,5,0
877,float,longitude,GPSSensor,/Longitude/hasDecValue,5,0
878,float,longitude,GPSSensor,/Longitude/hasStrValue,5,0
879,float,longitude,GPSSensor,/Longitude/hasLocUnits/LocationUnits,5,0
880,float,longitude,GPSSensor,/Longitude/hasLocUnits/LocationUnits/hasDecValue,5,0
881,float,longitude,GPSSensor,/Longitude/hasLocUnits/LocationUnits/hasStrValue,5,0
882,float,longitude,GPSSensor,/Sensor/hasLocation/Longitude,5,0
883,float,longitude,GPSSensor,/Sensor/hasLocation/Longitude/hasDecValue,5,0
884,float,longitude,GPSSensor,/Sensor/hasLocation/Longitude/hasStrValue,5,0
885,float,longitude,GPSSensor,/Sensor/hasLocation/Longitude/hasLocUnits/LocationUnits,5,0
886,float,longitude,GPSSensor,/GPSSensor/hasLocation/Longitude/hasDecValue,5,0
887,float,longitude,GPSSensor,/GPSSensor/hasLocation/Longitude/hasStrValue,5,0
888,float,longitude,GPSSensor,/GPSSensor/hasLocation/Longitude/hasLocUnits/LocationUnits,5,0
889,float,longitude,GPSSensor,/TemperatureSensor/hasLocation/Longitude,5,0
890,float,longitude,GPSSensor,/TemperatureSensor/hasLocation/Longitude/hasLocUnits/LocationUnits,5,0
891,float,longitude,GPSSensor,/IndoorTemperatureSensor/hasLocation/Longitude,5,0
892,float,longitude,GPSSensor,/IndoorTemperatureSensor/hasLocation/Longitude/hasDecValue,5,0
893,float,longitude,GPSSensor,/IndoorTemperatureSensor/hasLocation/Longitude/hasStrValue,5,0
894,float,longitude,GPSSensor,/IndoorTemperatureSensor/hasLocation/Longitude/hasLocUnits/LocationUnits,5,0
895,float,longitude,GPSSensor,/OutdoorTemperatureSensor/hasLocation/Longitude,5,0
896,float,longitude,GPSSensor,/OutdoorTemperatureSensor/hasLocation/Longitude/hasDecValue,5,0
897,float,longitude,GPSSensor,/OutdoorTemperatureSensor/hasLocation/Longitude/hasStrValue,5,0
898,float,longitude,GPSSensor,/OutdoorTemperatureSensor/hasLocation/Longitude/hasLocUnits/LocationUnits,5,0
899,float,latitude,GPSSensor,/TemperatureSensor/hasLocation/Latitude/hasDecValue,5,0
900,float,latitude,GPSSensor,/TemperatureSensor/hasLocation/Latitude/hasStrValue,5,0
901,float,latitude,GPSSensor,/Latitude/hasDecValue,5,0
902,float,latitude,GPSSensor,/Latitude/hasStrValue,5,0
903,float,latitude,GPSSensor,/Latitude/hasLocUnits/LocationUnits,5,0
904,float,latitude,GPSSensor,/Latitude/hasLocUnits/LocationUnits/hasDecValue,5,0
905,float,latitude,GPSSensor,/Latitude/hasLocUnits/LocationUnits/hasStrValue,5,0
906,float,latitude,GPSSensor,/Sensor/hasLocation/Latitude,5,0
907,float,latitude,GPSSensor,/Sensor/hasLocation/Latitude/hasDecValue,5,0
908,float,latitude,GPSSensor,/Sensor/hasLocation/Latitude/hasStrValue,5,0
909,float,latitude,GPSSensor,/Sensor/hasLocation/Latitude/hasLocUnits/LocationUnits,5,0
910,float,latitude,GPSSensor,/GPSSensor/hasLocation/Latitude,5,0
911,float,latitude,GPSSensor,/GPSSensor/hasLocation/Latitude/hasDecValue,5,0
912,float,latitude,GPSSensor,/GPSSensor/hasLocation/Latitude/hasStrValue,5,0
913,float,latitude,GPSSensor,/GPSSensor/hasLocation/Latitude/hasLocUnits/LocationUnits,5,0
914,float,latitude,GPSSensor,/TemperatureSensor/hasLocation/Latitude,5,0
915,float,latitude,GPSSensor,/TemperatureSensor/hasLocation/Latitude/hasLocUnits/LocationUnits,5,0
916,float,latitude,GPSSensor,/IndoorTemperatureSensor/hasLocation/Latitude,5,0
917,float,latitude,GPSSensor,/IndoorTemperatureSensor/hasLocation/Latitude/hasDecValue,5,0
918,float,latitude,GPSSensor,/IndoorTemperatureSensor/hasLocation/Latitude/hasStrValue,5,0
919,float,latitude,GPSSensor,/IndoorTemperatureSensor/hasLocation/Latitude/hasLocUnits/LocationUnits,5,0
920,float,latitude,GPSSensor,/OutdoorTemperatureSensor/hasLocation/Latitude,5,0
921,float,latitude,GPSSensor,/OutdoorTemperatureSensor/hasLocation/Latitude/hasDecValue,5,0
922,float,latitude,GPSSensor,/OutdoorTemperatureSensor/hasLocation/Latitude/hasStrValue,5,0
923,float,latitude,GPSSensor,/OutdoorTemperatureSensor/hasLocation/Latitude/hasLocUnits/LocationUnits,5,0
